{
  "returned_dict": {
    "loss": -0.006122448979591836,
    "status": "ok",
    "f1": 0.006500073499450204,
    "acc": 0.6331707317073171,
    "start_time": 1737890339.0363584,
    "duration": 9.673370361328125
  },
  "current_params": {
    "N": 500,
    "activation": "tanh",
    "connectivity": 0.4951652709641787,
    "epochs": 100,
    "input_scaling": 0.0007362899531016019,
    "lr": 8.383276620790612e-05,
    "mu": 0.10483061704646857,
    "ridge": 0.002974208867951716,
    "seed": 12345,
    "sr": 2.204263457797122,
    "warmup": 100
  }
}