{
  "returned_dict": {
    "loss": -0.0,
    "status": "ok",
    "f1": 0.0,
    "acc": 0.6352720450281426,
    "start_time": 1737890424.184705,
    "duration": 4.730842351913452
  },
  "current_params": {
    "N": 5,
    "activation": "sigmoid",
    "connectivity": 0.2457260183768086,
    "epochs": 100,
    "input_scaling": 0.0018472164175948181,
    "lr": 0.00022640034668132595,
    "mu": 0.816994764213365,
    "ridge": 0.2122028473663769,
    "seed": 12345,
    "sr": 4.434072756135232,
    "warmup": 100
  }
}