{
  "returned_dict": {
    "loss": -0.0,
    "status": "ok",
    "f1": 0.0,
    "acc": 0.6352720450281426,
    "start_time": 1737890387.3331923,
    "duration": 31.065664768218994
  },
  "current_params": {
    "N": 500,
    "activation": "sigmoid",
    "connectivity": 0.19900995696162563,
    "epochs": 100,
    "input_scaling": 6.38099515975843e-05,
    "lr": 0.008353026129385792,
    "mu": 0.017096689947744492,
    "ridge": 1.4177012448628423,
    "seed": 12345,
    "sr": 0.04981749804245153,
    "warmup": 100
  }
}