{
  "returned_dict": {
    "loss": -0.3036649214659686,
    "status": "ok",
    "f1": 0.3480442595340567,
    "acc": 0.7123452157598499,
    "start_time": 1737889582.113734,
    "duration": 3.6136112213134766
  },
  "current_params": {
    "N": 5,
    "activation": "tanh",
    "connectivity": 0.3003002439580292,
    "epochs": 100,
    "input_scaling": 3.464710199839633e-05,
    "lr": 0.001298314922594882,
    "mu": 0.5924534133258075,
    "ridge": 8.12744525670324e-07,
    "seed": 12345,
    "sr": 0.1626795681245935,
    "warmup": 100
  }
}