{
  "returned_dict": {
    "loss": -0.8030751034890596,
    "status": "ok",
    "f1": 0.799071968942112,
    "acc": 0.8737711069418387,
    "start_time": 1737890380.8919518,
    "duration": 6.440087556838989
  },
  "current_params": {
    "N": 500,
    "activation": "tanh",
    "connectivity": 0.1689084018777666,
    "epochs": 100,
    "input_scaling": 3.464864365701976,
    "lr": 0.0044289362804791135,
    "mu": 0.08885184806583746,
    "ridge": 0.00016008000622580177,
    "seed": 12345,
    "sr": 0.015931944006093716,
    "warmup": 100
  }
}