{
  "returned_dict": {
    "loss": -0.8184506209343584,
    "status": "ok",
    "f1": 0.7980190211981768,
    "acc": 0.8736210131332083,
    "start_time": 1737890348.7110596,
    "duration": 32.17976903915405
  },
  "current_params": {
    "N": 500,
    "activation": "sigmoid",
    "connectivity": 0.3442498557981145,
    "epochs": 100,
    "input_scaling": 8.03437943624333,
    "lr": 4.4731043285836344e-05,
    "mu": 0.6091041490883193,
    "ridge": 0.03718402541903902,
    "seed": 12345,
    "sr": 0.07071032186253305,
    "warmup": 100
  }
}