{
  "returned_dict": {
    "loss": -0.968421052631579,
    "status": "ok",
    "f1": 0.9684209489559279,
    "acc": 0.9763602251407129,
    "start_time": 1737889585.7284498,
    "duration": 7.477819919586182
  },
  "current_params": {
    "N": 500,
    "activation": "tanh",
    "connectivity": 0.2614278165297945,
    "epochs": 100,
    "input_scaling": 0.002944130483696414,
    "lr": 0.00010923348581454491,
    "mu": 0.28735631985323384,
    "ridge": 7.409720239057766e-08,
    "seed": 12345,
    "sr": 0.3226348405474758,
    "warmup": 100
  }
}