{
  "returned_dict": {
    "loss": -0.9563008130081301,
    "status": "ok",
    "f1": 0.9574638404035458,
    "acc": 0.9685553470919326,
    "start_time": 1737888458.8152792,
    "duration": 288.0866618156433
  },
  "current_params": {
    "N": 5000,
    "activation": "tanh",
    "connectivity": 0.1315933119342986,
    "epochs": 100,
    "input_scaling": 0.131349154676101,
    "lr": 1.5128942324738e-05,
    "mu": 0.8609304819134347,
    "ridge": 0.0029801797509298408,
    "seed": 12345,
    "sr": 0.07966435869333038,
    "warmup": 100
  }
}