{
  "returned_dict": {
    "loss": -0.9709418837675351,
    "status": "ok",
    "f1": 0.9334916301230776,
    "acc": 0.9547467166979363,
    "start_time": 1737889614.5419054,
    "duration": 4.592378616333008
  },
  "current_params": {
    "N": 5,
    "activation": "sigmoid",
    "connectivity": 0.37942316327125414,
    "epochs": 100,
    "input_scaling": 0.5832996914534163,
    "lr": 0.0012953948636839738,
    "mu": 0.4349979536508063,
    "ridge": 0.00021135596946478938,
    "seed": 12345,
    "sr": 0.09442721440119983,
    "warmup": 100
  }
}