{
  "returned_dict": {
    "loss": -0.9672213817448311,
    "status": "ok",
    "f1": 0.9676762594609765,
    "acc": 0.9759099437148218,
    "start_time": 1737890441.2929707,
    "duration": 644.1666283607483
  },
  "current_params": {
    "N": 5000,
    "activation": "tanh",
    "connectivity": 0.3161856476862013,
    "epochs": 100,
    "input_scaling": 0.000796776651528334,
    "lr": 4.892235875204627e-05,
    "mu": 0.9759998977389169,
    "ridge": 0.02614572528050172,
    "seed": 12345,
    "sr": 0.21977120274747475,
    "warmup": 100
  }
}