{
  "returned_dict": {
    "loss": -0.9560439560439561,
    "status": "ok",
    "f1": 0.9551418870115738,
    "acc": 0.9663789868667918,
    "start_time": 1737889593.2074668,
    "duration": 3.787350654602051
  },
  "current_params": {
    "N": 50,
    "activation": "tanh",
    "connectivity": 0.32523376995120407,
    "epochs": 100,
    "input_scaling": 41.56057257050284,
    "lr": 0.00147721521904992,
    "mu": 0.44194339835245333,
    "ridge": 2.813306033170741e-07,
    "seed": 12345,
    "sr": 1.837308485460495,
    "warmup": 100
  }
}