{
  "returned_dict": {
    "loss": -0.0,
    "status": "ok",
    "f1": 0.0,
    "acc": 0.6352720450281426,
    "start_time": 1737889596.9959438,
    "duration": 4.790269136428833
  },
  "current_params": {
    "N": 5,
    "activation": "sigmoid",
    "connectivity": 0.4790830954612103,
    "epochs": 100,
    "input_scaling": 0.04964326479756512,
    "lr": 0.004055717987027822,
    "mu": 0.08174694195215582,
    "ridge": 9.394742674263517,
    "seed": 12345,
    "sr": 1.2509379966926149,
    "warmup": 100
  }
}