{
  "returned_dict": {
    "loss": -0.0,
    "status": "ok",
    "f1": 0.0,
    "acc": 0.6352720450281426,
    "start_time": 1737889601.7873175,
    "duration": 9.195394277572632
  },
  "current_params": {
    "N": 500,
    "activation": "tanh",
    "connectivity": 0.39503269946984865,
    "epochs": 100,
    "input_scaling": 0.00010489581596640952,
    "lr": 0.00010255083898098759,
    "mu": 0.7480357729604008,
    "ridge": 0.29566961197557934,
    "seed": 12345,
    "sr": 0.015590519612759524,
    "warmup": 100
  }
}