{
  "returned_dict": {
    "loss": -0.6447124304267161,
    "status": "ok",
    "f1": 0.6718647931533288,
    "acc": 0.7511444652908068,
    "start_time": 1737889619.1353784,
    "duration": 719.8996829986572
  },
  "current_params": {
    "N": 5000,
    "activation": "sigmoid",
    "connectivity": 0.32106012859368077,
    "epochs": 100,
    "input_scaling": 87.98532636852178,
    "lr": 0.007317139587707569,
    "mu": 0.26832475371053754,
    "ridge": 2.3514904339337348e-08,
    "seed": 12345,
    "sr": 0.012708968625748275,
    "warmup": 100
  }
}