{
  "returned_dict": {
    "loss": -0.7920193470374848,
    "status": "ok",
    "f1": 0.790796517523559,
    "acc": 0.8703189493433395,
    "start_time": 1737888746.9031649,
    "duration": 835.2092928886414
  },
  "current_params": {
    "N": 5000,
    "activation": "tanh",
    "connectivity": 0.4293728051431608,
    "epochs": 100,
    "input_scaling": 0.1518816044275694,
    "lr": 2.961686608721726e-05,
    "mu": 0.6176608512730031,
    "ridge": 4.602027706977151e-08,
    "seed": 12345,
    "sr": 0.027598683234115115,
    "warmup": 100
  }
}