{
  "returned_dict": {
    "loss": -0.8078758949880668,
    "status": "ok",
    "f1": 0.8150213499293875,
    "acc": 0.8830018761726078,
    "start_time": 1737888428.5883539,
    "duration": 30.22577476501465
  },
  "current_params": {
    "N": 500,
    "activation": "sigmoid",
    "connectivity": 0.14551850687344287,
    "epochs": 100,
    "input_scaling": 4.037779441207615,
    "lr": 0.0009020429139714794,
    "mu": 0.8839266254726155,
    "ridge": 0.003811281081263922,
    "seed": 12345,
    "sr": 2.760363161733829,
    "warmup": 100
  }
}