{
  "returned_dict": {
    "loss": -0.8590308370044052,
    "status": "ok",
    "f1": 0.8571977830864375,
    "acc": 0.9027392120075047,
    "start_time": 1737890432.5880344,
    "duration": 8.703775405883789
  },
  "current_params": {
    "N": 500,
    "activation": "tanh",
    "connectivity": 0.3626592284214587,
    "epochs": 100,
    "input_scaling": 0.00354809260926798,
    "lr": 0.00017843829487848865,
    "mu": 0.12807689592637184,
    "ridge": 0.4453426996901072,
    "seed": 12345,
    "sr": 0.0544052294998603,
    "warmup": 100
  }
}