{
  "returned_dict": {
    "loss": -0.8265524625267666,
    "status": "ok",
    "f1": 0.8751256115875921,
    "acc": 0.9139962476547844,
    "start_time": 1737890428.916576,
    "duration": 3.670318126678467
  },
  "current_params": {
    "N": 5,
    "activation": "tanh",
    "connectivity": 0.1612471786876185,
    "epochs": 100,
    "input_scaling": 0.00011759364699677617,
    "lr": 0.008503073096304574,
    "mu": 0.3506832932733329,
    "ridge": 8.467176157001323e-08,
    "seed": 12345,
    "sr": 0.09437285509046839,
    "warmup": 100
  }
}