{
  "returned_dict": {
    "loss": -0.967032967032967,
    "status": "ok",
    "f1": 0.9699713345003926,
    "acc": 0.9774859287054408,
    "start_time": 1737890418.3998575,
    "duration": 5.783676624298096
  },
  "current_params": {
    "N": 500,
    "activation": "tanh",
    "connectivity": 0.1422248392832458,
    "epochs": 100,
    "input_scaling": 18.148947596372448,
    "lr": 0.00010106023020079435,
    "mu": 0.2042842520101622,
    "ridge": 7.7559483386917725,
    "seed": 12345,
    "sr": 4.224184001973294,
    "warmup": 100
  }
}