{
  "returned_dict": {
    "loss": -0.9174025974025974,
    "status": "ok",
    "f1": 0.9191105367185728,
    "acc": 0.9422889305816134,
    "start_time": 1737889610.9838002,
    "duration": 3.5569918155670166
  },
  "current_params": {
    "N": 50,
    "activation": "tanh",
    "connectivity": 0.23970277873410858,
    "epochs": 100,
    "input_scaling": 179.01408017622083,
    "lr": 0.0005252703759208617,
    "mu": 0.05407787444418399,
    "ridge": 0.08758452084004614,
    "seed": 12345,
    "sr": 1.4787515437601555,
    "warmup": 100
  }
}