{
  "returned_dict": {
    "loss": 19.104009426238758,
    "r2": 0.9449029863915233,
    "status": "ok",
    "start_time": 1737888383.129399,
    "duration": 114.7671856880188
  },
  "current_params": {
    "N": 500,
    "activation": "sigmoid",
    "connectivity": 0.14551850687344287,
    "epochs": 100,
    "input_scaling": 4.037779441207615,
    "lr": 0.0009020429139714794,
    "mu": 0.8839266254726155,
    "ridge": 0.003811281081263922,
    "seed": 12345,
    "sr": 2.760363161733829,
    "warmup": 100
  }
}