{
  "returned_dict": {
    "loss": 22.367368918727973,
    "r2": 0.9244768351923982,
    "status": "ok",
    "start_time": 1737891574.1993194,
    "duration": 26.585533618927002
  },
  "current_params": {
    "N": 500,
    "activation": "tanh",
    "connectivity": 0.2614278165297945,
    "epochs": 100,
    "input_scaling": 0.002944130483696414,
    "lr": 0.00010923348581454491,
    "mu": 0.28735631985323384,
    "ridge": 7.409720239057766e-08,
    "seed": 12345,
    "sr": 0.3226348405474758,
    "warmup": 100
  }
}