{
  "returned_dict": {
    "loss": 26.75948709069443,
    "r2": 0.8919062817462156,
    "status": "ok",
    "start_time": 1737894521.3751106,
    "duration": 1732.1519448757172
  },
  "current_params": {
    "N": 5000,
    "activation": "tanh",
    "connectivity": 0.3161856476862013,
    "epochs": 100,
    "input_scaling": 0.000796776651528334,
    "lr": 4.892235875204627e-05,
    "mu": 0.9759998977389169,
    "ridge": 0.02614572528050172,
    "seed": 12345,
    "sr": 0.21977120274747475,
    "warmup": 100
  }
}