{
  "returned_dict": {
    "loss": 52.4195170292965,
    "r2": 0.5794113710787854,
    "status": "ok",
    "start_time": 1737891666.6684268,
    "duration": 13.964387655258179
  },
  "current_params": {
    "N": 50,
    "activation": "tanh",
    "connectivity": 0.23970277873410858,
    "epochs": 100,
    "input_scaling": 179.01408017622083,
    "lr": 0.0005252703759208617,
    "mu": 0.05407787444418399,
    "ridge": 0.08758452084004614,
    "seed": 12345,
    "sr": 1.4787515437601555,
    "warmup": 100
  }
}