{
  "returned_dict": {
    "loss": 64.13632251810414,
    "r2": 0.3641688375565981,
    "status": "ok",
    "start_time": 1737891560.7730412,
    "duration": 13.424718141555786
  },
  "current_params": {
    "N": 5,
    "activation": "tanh",
    "connectivity": 0.3003002439580292,
    "epochs": 100,
    "input_scaling": 3.464710199839633e-05,
    "lr": 0.001298314922594882,
    "mu": 0.5924534133258075,
    "ridge": 8.12744525670324e-07,
    "seed": 12345,
    "sr": 0.1626795681245935,
    "warmup": 100
  }
}