{
  "returned_dict": {
    "loss": 66.51166750456026,
    "r2": 0.05348754946142673,
    "status": "ok",
    "start_time": 1737891600.7864187,
    "duration": 13.92399787902832
  },
  "current_params": {
    "N": 50,
    "activation": "tanh",
    "connectivity": 0.32523376995120407,
    "epochs": 100,
    "input_scaling": 41.56057257050284,
    "lr": 0.00147721521904992,
    "mu": 0.44194339835245333,
    "ridge": 2.813306033170741e-07,
    "seed": 12345,
    "sr": 1.837308485460495,
    "warmup": 100
  }
}