{
  "returned_dict": {
    "loss": 81.62797260168152,
    "r2": -0.005825164837680141,
    "status": "ok",
    "start_time": 1737894457.840374,
    "duration": 18.79046368598938
  },
  "current_params": {
    "N": 5,
    "activation": "sigmoid",
    "connectivity": 0.2457260183768086,
    "epochs": 100,
    "input_scaling": 0.0018472164175948181,
    "lr": 0.00022640034668132595,
    "mu": 0.816994764213365,
    "ridge": 0.2122028473663769,
    "seed": 12345,
    "sr": 4.434072756135232,
    "warmup": 100
  }
}