{
  "returned_dict": {
    "loss": 81.64795692954814,
    "r2": -0.006317691865847052,
    "status": "ok",
    "start_time": 1737894318.7389042,
    "duration": 117.0226993560791
  },
  "current_params": {
    "N": 500,
    "activation": "sigmoid",
    "connectivity": 0.19900995696162563,
    "epochs": 100,
    "input_scaling": 6.38099515975843e-05,
    "lr": 0.008353026129385792,
    "mu": 0.017096689947744492,
    "ridge": 1.4177012448628423,
    "seed": 12345,
    "sr": 0.04981749804245153,
    "warmup": 100
  }
}