{
  "returned_dict": {
    "loss": 1343.8000626173384,
    "r2": -293.3075862889511,
    "status": "ok",
    "start_time": 1737891699.7340217,
    "duration": 2435.3464760780334
  },
  "current_params": {
    "N": 5000,
    "activation": "sigmoid",
    "connectivity": 0.32106012859368077,
    "epochs": 100,
    "input_scaling": 87.98532636852178,
    "lr": 0.007317139587707569,
    "mu": 0.26832475371053754,
    "ridge": 2.3514904339337348e-08,
    "seed": 12345,
    "sr": 0.012708968625748275,
    "warmup": 100
  }
}