{
  "returned_dict": {
    "loss": 19.429900452856806,
    "r2": 0.9430101502405677,
    "status": "ok",
    "start_time": 1737888497.898205,
    "duration": 753.1889624595642
  },
  "current_params": {
    "N": 5000,
    "activation": "tanh",
    "connectivity": 0.1315933119342986,
    "epochs": 100,
    "input_scaling": 0.131349154676101,
    "lr": 1.5128942324738e-05,
    "mu": 0.8609304819134347,
    "ridge": 0.0029801797509298408,
    "seed": 12345,
    "sr": 0.07966435869333038,
    "warmup": 100
  }
}