{
  "returned_dict": {
    "loss": 79.7027015982982,
    "r2": 0.04090840368316839,
    "status": "ok",
    "start_time": 1737891614.712012,
    "duration": 18.85951256752014
  },
  "current_params": {
    "N": 5,
    "activation": "sigmoid",
    "connectivity": 0.4790830954612103,
    "epochs": 100,
    "input_scaling": 0.04964326479756512,
    "lr": 0.004055717987027822,
    "mu": 0.08174694195215582,
    "ridge": 9.394742674263517,
    "seed": 12345,
    "sr": 1.2509379966926149,
    "warmup": 100
  }
}