{
  "returned_dict": {
    "loss": 19.996986681538928,
    "r2": 0.9396180163129341,
    "status": "ok",
    "start_time": 1737894295.702847,
    "duration": 23.034462928771973
  },
  "current_params": {
    "N": 500,
    "activation": "tanh",
    "connectivity": 0.1689084018777666,
    "epochs": 100,
    "input_scaling": 3.464864365701976,
    "lr": 0.0044289362804791135,
    "mu": 0.08885184806583746,
    "ridge": 0.00016008000622580177,
    "seed": 12345,
    "sr": 0.015931944006093716,
    "warmup": 100
  }
}