{
  "returned_dict": {
    "loss": 20.147374265067405,
    "r2": 0.9386871294014354,
    "status": "ok",
    "start_time": 1737894171.926892,
    "duration": 123.77439713478088
  },
  "current_params": {
    "N": 500,
    "activation": "sigmoid",
    "connectivity": 0.3442498557981145,
    "epochs": 100,
    "input_scaling": 8.03437943624333,
    "lr": 4.4731043285836344e-05,
    "mu": 0.6091041490883193,
    "ridge": 0.03718402541903902,
    "seed": 12345,
    "sr": 0.07071032186253305,
    "warmup": 100
  }
}