{
  "returned_dict": {
    "loss": 46.06558015995505,
    "r2": 0.6439643730798029,
    "status": "ok",
    "start_time": 1737891680.6343806,
    "duration": 19.09805464744568
  },
  "current_params": {
    "N": 5,
    "activation": "sigmoid",
    "connectivity": 0.37942316327125414,
    "epochs": 100,
    "input_scaling": 0.5832996914534163,
    "lr": 0.0012953948636839738,
    "mu": 0.4349979536508063,
    "ridge": 0.00021135596946478938,
    "seed": 12345,
    "sr": 0.09442721440119983,
    "warmup": 100
  }
}