{
  "returned_dict": {
    "loss": 46.05215903042504,
    "r2": 0.6618040019158571,
    "status": "ok",
    "start_time": 1737894476.632449,
    "duration": 13.549923658370972
  },
  "current_params": {
    "N": 5,
    "activation": "tanh",
    "connectivity": 0.1612471786876185,
    "epochs": 100,
    "input_scaling": 0.00011759364699677617,
    "lr": 0.008503073096304574,
    "mu": 0.3506832932733329,
    "ridge": 8.467176157001323e-08,
    "seed": 12345,
    "sr": 0.09437285509046839,
    "warmup": 100
  }
}