{
  "returned_dict": {
    "loss": 81.31815272258281,
    "r2": 0.0017955762655479158,
    "status": "ok",
    "start_time": 1737891633.573115,
    "duration": 33.09375548362732
  },
  "current_params": {
    "N": 500,
    "activation": "tanh",
    "connectivity": 0.39503269946984865,
    "epochs": 100,
    "input_scaling": 0.00010489581596640952,
    "lr": 0.00010255083898098759,
    "mu": 0.7480357729604008,
    "ridge": 0.29566961197557934,
    "seed": 12345,
    "sr": 0.015590519612759524,
    "warmup": 100
  }
}