{
  "returned_dict": {
    "loss": 82.4709836645291,
    "r2": -0.026731427194942238,
    "status": "ok",
    "start_time": 1737894135.0821614,
    "duration": 36.84316825866699
  },
  "current_params": {
    "N": 500,
    "activation": "tanh",
    "connectivity": 0.4951652709641787,
    "epochs": 100,
    "input_scaling": 0.0007362899531016019,
    "lr": 8.383276620790612e-05,
    "mu": 0.10483061704646857,
    "ridge": 0.002974208867951716,
    "seed": 12345,
    "sr": 2.204263457797122,
    "warmup": 100
  }
}