{
  "returned_dict": {
    "loss": 19.311029466546536,
    "r2": 0.943702950653166,
    "status": "ok",
    "start_time": 1737889251.0888004,
    "duration": 2309.6826300621033
  },
  "current_params": {
    "N": 5000,
    "activation": "tanh",
    "connectivity": 0.4293728051431608,
    "epochs": 100,
    "input_scaling": 0.1518816044275694,
    "lr": 2.961686608721726e-05,
    "mu": 0.6176608512730031,
    "ridge": 4.602027706977151e-08,
    "seed": 12345,
    "sr": 0.027598683234115115,
    "warmup": 100
  }
}