{
  "returned_dict": {
    "loss": 26.694802588981542,
    "r2": 0.8922715389823954,
    "status": "ok",
    "start_time": 1737894435.7632303,
    "duration": 22.075517177581787
  },
  "current_params": {
    "N": 500,
    "activation": "tanh",
    "connectivity": 0.1422248392832458,
    "epochs": 100,
    "input_scaling": 18.148947596372448,
    "lr": 0.00010106023020079435,
    "mu": 0.2042842520101622,
    "ridge": 7.7559483386917725,
    "seed": 12345,
    "sr": 4.224184001973294,
    "warmup": 100
  }
}