{
  "returned_dict": {
    "loss": 37.579944603598555,
    "r2": 0.7867718890982152,
    "status": "ok",
    "start_time": 1737894490.1839588,
    "duration": 31.189527988433838
  },
  "current_params": {
    "N": 500,
    "activation": "tanh",
    "connectivity": 0.3626592284214587,
    "epochs": 100,
    "input_scaling": 0.00354809260926798,
    "lr": 0.00017843829487848865,
    "mu": 0.12807689592637184,
    "ridge": 0.4453426996901072,
    "seed": 12345,
    "sr": 0.0544052294998603,
    "warmup": 100
  }
}